Freq,Posting_ptr,Terms_ptr
2,"[2, 29]",0
2,"[30, 30]",4
9,"[10, 11, 6, 35, 14, 4, 28, 35, 36]",9
7,"[37, 33, 15, 18, 27, 35, 30]",12
2,"[9, 17]",18
1,[34],27
1,[1],36
1,[7],41
3,"[32, 32, 18]",50
20,"[13, 16, 13, 24, 31, 30, 37, 21, 13, 13, 30, 23, 17, 21, 19, 5, 3, 21, 19, 17]",54
1,[17],57
1,[4],63
1,[13],66
6,"[34, 35, 21, 14, 23, 17]",70
3,"[9, 33, 34]",74
1,[27],79
1,[13],88
1,[28],93
1,[9],102
7,"[30, 0, 30, 30, 33, 16, 31]",105
3,"[16, 30, 34]",109
1,[14],114
1,[4],118
1,[30],121
1,[27],131
15,"[20, 20, 30, 20, 20, 26, 22, 26, 12, 26, 12, 26, 12, 26, 12]",135
11,"[18, 17, 23, 23, 27, 27, 9, 24, 36, 36, 5]",143
2,"[18, 34]",147
7,"[31, 21, 29, 29, 16, 16, 21]",150
4,"[32, 16, 27, 5]",154
1,[15],159
1,[16],164
1,[29],172
2,"[18, 16]",177
1,[15],183
2,"[35, 33]",192
2,"[3, 4]",197
3,"[20, 20, 20]",200
6,"[24, 29, 31, 30, 22, 36]",203
2,"[16, 37]",207
1,[23],211
5,"[17, 17, 17, 17, 17]",216
1,[35],220
2,"[26, 35]",233
1,[29],243
1,[15],250
2,"[7, 15]",257
1,[27],261
1,[12],266
1,[11],274
1,[2],279
3,"[21, 6, 20]",283
6,"[3, 10, 25, 28, 21, 37]",287
2,"[16, 16]",291
4,"[10, 28, 34, 24]",298
1,[1],301
2,"[5, 14]",305
1,[5],308
1,[14],312
1,[35],318
1,[10],319
1,[34],322
1,[19],327
1,[10],335
7,"[31, 36, 28, 22, 27, 27, 36]",344
4,"[2, 2, 22, 21]",348
1,[16],354
2,"[29, 19]",359
1,[12],365
1,[21],371
1,[7],375
1,[37],380
4,"[35, 35, 35, 35]",388
2,"[21, 16]",396
1,[10],401
5,"[18, 18, 18, 18, 18]",404
6,"[7, 15, 28, 28, 28, 34]",411
1,[9],420
1,[26],426
5,"[29, 33, 27, 26, 20]",432
1,[10],440
8,"[11, 34, 11, 28, 28, 4, 22, 36]",448
1,[30],454
3,"[25, 14, 2]",459
1,[15],468
2,"[26, 35]",479
2,"[17, 3]",485
2,"[9, 5]",490
2,"[14, 13]",496
1,[6],500
1,[6],505
2,"[10, 10]",512
1,[24],517
4,"[9, 18, 32, 18]",522
1,[16],527
4,"[16, 9, 18, 23]",535
1,[21],543
1,[2],547
1,[20],553
1,[1],560
2,"[19, 19]",566
1,[32],572
1,[16],577
1,[26],584
5,"[34, 5, 27, 14, 15]",590
2,"[16, 15]",596
1,[29],603
2,"[37, 29]",610
6,"[1, 27, 36, 24, 26, 28]",617
1,[33],625
1,[1],633
1,[17],641
2,"[23, 21]",647
1,[16],654
1,[1],662
1,[2],671
1,[37],682
1,[1],692
2,"[8, 22]",702
1,[5],708
2,"[3, 14]",716
2,"[30, 25]",723
1,[29],731
1,[26],740
1,[27],748
2,"[0, 29]",756
1,[34],764
1,[30],773
1,[25],783
1,[21],790
2,"[28, 19]",797
3,"[18, 9, 13]",806
1,[13],813
2,"[26, 36]",821
1,[32],828
1,[28],837
1,[18],848
5,"[3, 10, 7, 33, 1]",856
1,[14],863
1,[10],872
1,[5],881
1,[17],890
1,[21],899
2,"[30, 17]",909
1,[8],915
1,[9],924
1,[6],929
1,[14],937
2,"[25, 7]",941
1,[16],946
2,"[25, 25]",954
1,[36],959
1,[32],964
3,"[21, 21, 21]",969
2,"[5, 7]",977
1,[24],982
1,[1],990
1,[30],997
19,"[27, 6, 6, 13, 9, 28, 27, 6, 13, 4, 10, 11, 7, 29, 10, 5, 5, 0, 13]",1001
1,[17],1005
4,"[37, 37, 37, 37]",1012
1,[28],1020
3,"[2, 2, 2]",1024
1,[34],1033
4,"[32, 32, 32, 24]",1039
1,[4],1043
1,[27],1047
3,"[30, 26, 16]",1053
4,"[17, 17, 17, 36]",1059
4,"[25, 25, 25, 27]",1063
1,[25],1068
1,[30],1078
1,[16],1083
2,"[22, 12]",1090
6,"[15, 15, 15, 15, 15, 15]",1095
1,[1],1100
1,[28],1106
1,[28],1115
1,[2],1118
1,[0],1129
16,"[11, 15, 2, 29, 29, 29, 2, 29, 29, 2, 29, 2, 2, 29, 2, 2]",1136
1,[21],1141
1,[16],1150
4,"[13, 4, 9, 4]",1156
2,"[6, 6]",1160
1,[10],1165
4,"[15, 15, 15, 15]",1171
1,[34],1178
2,"[24, 32]",1187
1,[36],1193
1,[36],1200
4,"[36, 36, 36, 36]",1209
3,"[25, 25, 25]",1215
4,"[23, 23, 17, 17]",1220
3,"[18, 27, 36]",1222
3,"[5, 7, 6]",1224
6,"[31, 27, 31, 27, 28, 24]",1230
1,[18],1235
5,"[36, 36, 36, 36, 36]",1241
1,[35],1248
1,[24],1251
2,"[18, 28]",1258
1,[36],1268
1,[18],1274
8,"[28, 29, 29, 8, 21, 25, 17, 17]",1279
1,[2],1284
2,"[11, 7]",1291
1,[19],1295
17,"[13, 37, 13, 19, 19, 19, 21, 37, 21, 21, 21, 13, 16, 21, 37, 37, 31]",1300
1,[0],1305
1,[36],1309
2,"[1, 37]",1310
1,[28],1316
2,"[19, 26]",1322
73,"[24, 21, 27, 29, 27, 27, 27, 17, 25, 17, 29, 28, 24, 10, 10, 28, 17, 17, 28, 24, 13, 18, 18, 20, 16, 16, 33, 23, 24, 32, 24, 27, 14, 15, 30, 28, 30, 16, 31, 22, 12, 33, 26, 31, 14, 23, 27, 21, 16, 32, 16, 27, 23, 18, 20, 35, 36, 35, 2, 35, 0, 36, 34, 34, 37, 35, 4, 36, 5, 34, 5, 36, 35]",1327
2,"[5, 5]",1330
16,"[33, 16, 4, 20, 16, 32, 37, 36, 26, 36, 18, 29, 33, 36, 22, 35]",1336
31,"[11, 8, 12, 32, 30, 7, 6, 26, 30, 15, 9, 33, 1, 27, 37, 21, 23, 20, 24, 28, 27, 25, 19, 17, 29, 29, 17, 34, 36, 29, 37]",1341
4,"[4, 16, 5, 15]",1345
1,[34],1351
1,[5],1358
2,"[7, 6]",1362
1,[20],1365
1,[1],1370
2,"[21, 29]",1375
35,"[31, 30, 22, 36, 0, 26, 15, 23, 24, 21, 21, 26, 28, 23, 32, 27, 35, 13, 17, 31, 2, 13, 33, 34, 14, 17, 13, 13, 10, 23, 37, 28, 32, 33, 20]",1383
1,[16],1389
23,"[17, 30, 15, 31, 33, 16, 16, 1, 13, 16, 21, 37, 16, 20, 1, 19, 3, 25, 16, 3, 2, 14, 34]",1394
2,"[16, 16]",1398
2,"[17, 33]",1413
1,[21],1422
3,"[23, 17, 5]",1428
82,"[14, 35, 3, 13, 31, 13, 20, 10, 28, 24, 8, 13, 10, 14, 10, 3, 21, 14, 17, 29, 34, 30, 27, 2, 14, 6, 21, 22, 36, 26, 9, 7, 25, 27, 25, 32, 26, 25, 18, 30, 3, 31, 8, 12, 25, 33, 15, 15, 0, 19, 3, 10, 22, 29, 22, 3, 11, 1, 30, 22, 36, 1, 10, 5, 6, 27, 17, 37, 34, 27, 6, 1, 15, 34, 21, 3, 3, 11, 0, 16, 20, 2]",1434
1,[30],1436
1,[31],1444
2,"[24, 27]",1450
1,[28],1458
3,"[22, 2, 20]",1468
1,[35],1476
1,[37],1482
1,[28],1490
1,[35],1496
1,[15],1506
1,[15],1517
1,[29],1525
1,[25],1534
1,[9],1544
7,"[5, 4, 8, 6, 2, 9, 3]",1553
1,[16],1564
1,[17],1572
1,[37],1583
1,[36],1592
2,"[28, 1]",1601
1,[34],1608
1,[30],1618
1,[17],1630
1,[13],1639
6,"[33, 26, 34, 23, 17, 27]",1646
1,[36],1656
1,[30],1662
2,"[19, 37]",1674
1,[29],1683
1,[34],1690
2,"[14, 14]",1696
1,[26],1709
1,[32],1721
1,[1],1728
1,[15],1734
1,[8],1743
1,[30],1747
1,[36],1756
1,[19],1762
2,"[23, 22]",1769
1,[2],1779
1,[25],1789
1,[21],1795
1,[34],1803
2,"[27, 27]",1813
3,"[29, 37, 2]",1821
1,[36],1830
1,[2],1837
1,[9],1845
1,[22],1848
1,[3],1851
1,[16],1862
2,"[37, 13]",1870
1,[22],1873
3,"[2, 2, 2]",1878
2,"[3, 16]",1883
1,[15],1887
5,"[9, 16, 17, 9, 9]",1892
1,[3],1897
1,[16],1900
2,"[16, 3]",1907
2,"[18, 34]",1910
4,"[7, 36, 18, 26]",1919
1,[15],1926
1,[25],1932
1,[27],1939
1,[4],1945
1,[23],1950
1,[3],1955
2,"[17, 23]",1961
5,"[35, 15, 35, 9, 15]",1966
1,[18],1971
1,[9],1976
5,"[4, 3, 2, 8, 5]",1980
1,[28],1993
1,[36],1999
6,"[27, 24, 28, 27, 18, 27]",2003
1,[23],2012
3,"[27, 28, 34]",2019
6,"[0, 1, 3, 2, 6, 4]",2025
9,"[21, 25, 22, 36, 7, 25, 32, 23, 37]",2031
2,"[25, 27]",2035
3,"[23, 23, 23]",2044
1,[23],2052
3,"[27, 28, 34]",2067
1,[24],2070
1,[20],2073
1,[36],2079
1,[7],2080
2,"[6, 6]",2082
2,"[35, 33]",2087
1,[16],2093
1,[16],2101
2,"[7, 7]",2109
1,[28],2115
1,[24],2124
1,[32],2133
1,[27],2138
5,"[2, 4, 4, 29, 15]",2144
7,"[11, 29, 11, 29, 11, 29, 11]",2150
1,[24],2161
1,[19],2167
1,[16],2175
2,"[10, 10]",2180
2,"[11, 10]",2187
2,"[12, 12]",2195
2,"[27, 27]",2199
1,[31],2202
1,[0],2207
11,"[22, 22, 8, 8, 22, 12, 12, 12, 22, 8, 22]",2213
1,[20],2216
3,"[20, 27, 25]",2224
2,"[37, 16]",2231
3,"[14, 14, 14]",2235
10,"[23, 31, 31, 29, 17, 31, 24, 3, 1, 35]",2240
2,"[24, 28]",2246
1,[16],2248
1,[3],2253
2,"[28, 18]",2256
1,[11],2260
2,"[30, 27]",2269
5,"[17, 2, 9, 13, 13]",2277
2,"[17, 13]",2282
7,"[17, 27, 25, 17, 17, 25, 36]",2287
2,"[21, 29]",2291
2,"[1, 1]",2296
1,[17],2301
1,[2],2306
1,[27],2314
1,[1],2322
1,[33],2327
2,"[7, 21]",2332
1,[36],2337
4,"[11, 4, 11, 11]",2345
2,"[33, 33]",2349
7,"[17, 36, 17, 23, 11, 18, 1]",2354
2,"[23, 25]",2360
4,"[32, 32, 32, 32]",2362
2,"[18, 28]",2371
1,[35],2376
1,[21],2383
1,[20],2388
1,[16],2389
2,"[3, 3]",2394
5,"[23, 18, 27, 25, 36]",2398
1,[30],2400
2,"[13, 15]",2404
2,"[4, 4]",2408
9,"[30, 12, 16, 28, 7, 28, 35, 21, 31]",2410
3,"[26, 21, 12]",2415
1,[21],2424
1,[18],2437
2,"[16, 3]",2443
8,"[4, 6, 0, 33, 1, 2, 3, 24]",2452
4,"[16, 35, 34, 35]",2456
1,[14],2465
5,"[28, 27, 22, 29, 16]",2470
1,[27],2475
28,"[17, 19, 29, 27, 5, 17, 21, 14, 13, 37, 33, 37, 28, 31, 20, 21, 22, 36, 36, 16, 29, 33, 20, 15, 22, 30, 26, 37]",2482
4,"[25, 23, 16, 16]",2485
3,"[9, 11, 11]",2494
1,[20],2508
1,[16],2517
2,"[26, 26]",2523
1,[1],2530
2,"[27, 18]",2535
3,"[32, 34, 10]",2543
2,"[6, 10]",2546
1,[13],2549
1,[16],2553
12,"[30, 27, 26, 10, 3, 20, 27, 27, 22, 3, 27, 21]",2560
1,[27],2565
2,"[36, 25]",2570
1,[2],2573
1,[28],2579
1,[16],2586
2,"[26, 29]",2591
7,"[4, 9, 3, 5, 8, 2, 6]",2595
1,[2],2607
2,"[10, 19]",2617
3,"[8, 15, 15]",2622
2,"[36, 36]",2626
8,"[13, 20, 35, 29, 10, 26, 19, 35]",2630
1,[4],2634
1,[9],2644
1,[22],2652
2,"[3, 21]",2663
5,"[21, 14, 14, 14, 14]",2670
1,[15],2678
1,[11],2683
2,"[16, 17]",2689
1,[27],2695
3,"[35, 32, 18]",2699
1,[20],2701
5,"[26, 33, 33, 33, 33]",2706
20,"[36, 21, 13, 32, 18, 24, 22, 11, 27, 15, 29, 27, 10, 16, 9, 30, 23, 0, 14, 16]",2711
1,[17],2715
1,[29],2720
1,[10],2726
1,[10],2730
1,[20],2736
5,"[2, 17, 3, 1, 11]",2738
11,"[6, 15, 8, 34, 0, 14, 5, 12, 2, 34, 3]",2741
4,"[14, 14, 14, 14]",2750
1,[36],2754
1,[16],2760
2,"[34, 35]",2766
1,[18],2770
3,"[14, 2, 24]",2775
1,[14],2779
1,[25],2784
4,"[6, 6, 4, 5]",2792
1,[6],2797
4,"[13, 13, 13, 13]",2803
1,[5],2811
1,[17],2820
4,"[18, 18, 18, 18]",2825
1,[18],2833
3,"[11, 11, 11]",2852
4,"[13, 0, 11, 7]",2859
1,[11],2863
1,[31],2866
1,[0],2871
1,[24],2877
1,[24],2881
2,"[2, 19]",2888
1,[18],2894
1,[37],2899
2,"[22, 12]",2903
3,"[15, 30, 31]",2910
2,"[0, 0]",2917
1,[22],2923
16,"[3, 36, 3, 13, 6, 30, 15, 5, 15, 5, 4, 14, 6, 16, 6, 6]",2927
1,[31],2929
1,[17],2935
1,[25],2948
1,[7],2957
1,[10],2962
11,"[25, 12, 8, 14, 5, 22, 2, 19, 17, 30, 13]",2965
2,"[5, 6]",2974
3,"[23, 13, 17]",2979
1,[8],2988
1,[3],2997
1,[3],3002
1,[8],3009
1,[15],3019
1,[33],3028
1,[3],3032
2,"[6, 6]",3038
9,"[9, 10, 3, 24, 24, 5, 9, 36, 33]",3045
1,[22],3053
3,"[37, 37, 37]",3062
1,[13],3068
1,[12],3074
2,"[13, 26]",3080
1,[35],3089
1,[5],3095
1,[16],3102
1,[27],3108
1,[16],3117
1,[8],3126
1,[11],3135
7,"[12, 22, 12, 22, 12, 22, 22]",3140
4,"[20, 20, 20, 20]",3145
1,[3],3151
1,[3],3158
1,[23],3164
1,[21],3173
2,"[16, 16]",3181
1,[27],3189
1,[1],3198
1,[3],3208
7,"[13, 21, 34, 14, 21, 34, 6]",3214
5,"[27, 13, 37, 35, 35]",3224
1,[7],3228
2,"[14, 36]",3240
1,[28],3246
1,[20],3255
1,[15],3264
1,[6],3270
1,[1],3278
1,[31],3282
4,"[33, 18, 26, 30]",3289
12,"[27, 34, 23, 17, 17, 17, 6, 17, 17, 5, 17, 18]",3291
1,[26],3296
1,[20],3303
1,[29],3311
1,[29],3318
2,"[9, 34]",3326
1,[21],3333
1,[2],3340
1,[2],3350
8,"[24, 10, 10, 10, 24, 24, 10, 24]",3360
7,"[18, 18, 18, 18, 18, 16, 31]",3366
1,[9],3370
9,"[20, 26, 31, 20, 25, 26, 24, 36, 30]",3375
1,[29],3379
2,"[24, 29]",3383
3,"[3, 13, 3]",3387
1,[9],3394
5,"[18, 34, 24, 27, 35]",3403
2,"[20, 20]",3411
3,"[30, 26, 29]",3415
1,[6],3421
1,[11],3428
4,"[28, 4, 15, 36]",3435
4,"[16, 27, 26, 18]",3439
7,"[2, 3, 34, 31, 10, 4, 28]",3443
1,[10],3450
1,[25],3454
2,"[14, 14]",3458
3,"[5, 15, 7]",3464
3,"[24, 35, 10]",3472
1,[13],3478
1,[14],3483
4,"[19, 19, 19, 19]",3488
1,[28],3492
7,"[35, 30, 27, 28, 24, 26, 24]",3498
1,[34],3503
2,"[15, 2]",3510
3,"[29, 1, 31]",3517
7,"[3, 3, 16, 16, 16, 16, 17]",3523
1,[34],3528
1,[27],3536
1,[0],3541
1,[15],3544
1,[6],3551
1,[15],3560
2,"[35, 23]",3570
1,[6],3575
1,[13],3580
1,[16],3584
1,[34],3590
1,[28],3596
1,[27],3600
2,"[21, 29]",3605
2,"[9, 11]",3611
2,"[25, 12]",3620
3,"[28, 24, 27]",3624
1,[2],3628
5,"[14, 22, 22, 13, 17]",3632
1,[37],3633
2,"[26, 24]",3638
1,[12],3646
2,"[6, 6]",3652
1,[2],3656
1,[1],3665
4,"[32, 37, 16, 37]",3673
1,[5],3680
1,[14],3685
1,[6],3693
1,[3],3699
1,[8],3708
13,"[12, 8, 8, 8, 22, 22, 12, 22, 12, 22, 22, 22, 12]",3712
1,[34],3717
1,[1],3723
3,"[27, 5, 35]",3727
3,"[34, 28, 14]",3734
1,[1],3739
3,"[17, 36, 28]",3745
1,[2],3750
3,"[21, 17, 27]",3760
3,"[25, 27, 25]",3764
3,"[9, 6, 6]",3772
1,[18],3775
2,"[22, 28]",3782
1,[27],3791
1,[28],3798
1,[27],3805
2,"[21, 27]",3815
2,"[36, 21]",3823
1,[17],3830
1,[14],3836
2,"[9, 17]",3844
1,[26],3850
1,[20],3858
1,[27],3868
1,[29],3877
2,"[35, 23]",3889
1,[20],3899
1,[36],3906
1,[8],3913
4,"[25, 3, 34, 3]",3920
8,"[29, 21, 24, 18, 16, 24, 28, 17]",3927
1,[26],3935
1,[20],3949
1,[14],3959
2,"[10, 10]",3966
1,[15],3975
6,"[3, 4, 31, 30, 36, 2]",3981
7,"[23, 13, 33, 25, 34, 20, 35]",3988
1,[16],3998
1,[25],4007
3,"[14, 14, 10]",4018
1,[8],4029
1,[27],4040
1,[26],4052
3,"[14, 10, 14]",4061
4,"[15, 33, 25, 34]",4072
1,[18],4084
1,[20],4093
3,"[33, 1, 29]",4101
5,"[31, 36, 7, 21, 20]",4112
6,"[23, 12, 18, 33, 26, 15]",4121
1,[34],4128
1,[11],4138
1,[30],4146
2,"[27, 21]",4155
1,[27],4161
3,"[35, 36, 27]",4168
1,[16],4178
1,[2],4189
5,"[26, 32, 30, 32, 27]",4200
3,"[28, 23, 27]",4211
1,[26],4223
1,[15],4232
1,[7],4243
1,[27],4248
1,[13],4254
2,"[27, 24]",4263
1,[25],4270
1,[15],4276
8,"[26, 17, 29, 29, 20, 22, 34, 32]",4283
8,"[13, 23, 22, 17, 9, 12, 23, 11]",4292
1,[14],4297
1,[20],4306
3,"[17, 16, 3]",4313
1,[15],4319
2,"[16, 36]",4327
1,[27],4334
1,[37],4340
1,[26],4346
1,[34],4353
1,[9],4357
2,"[36, 23]",4362
1,[1],4367
1,[19],4373
4,"[30, 30, 30, 30]",4379
9,"[26, 26, 20, 26, 20, 20, 20, 20, 20]",4385
1,[28],4391
3,"[8, 8, 8]",4396
1,[6],4403
1,[29],4407
2,"[21, 29]",4411
1,[13],4416
1,[16],4421
1,[26],4426
1,[12],4432
1,[0],4438
1,[0],4445
1,[16],4450
1,[10],4456
1,[0],4462
1,[32],4465
2,"[27, 33]",4467
1,[33],4473
1,[33],4476
1,[5],4482
2,"[1, 1]",4487
1,[32],4496
2,"[30, 26]",4500
2,"[6, 11]",4505
1,[31],4507
1,[36],4511
5,"[9, 9, 29, 24, 24]",4517
5,"[36, 7, 36, 36, 36]",4521
1,[14],4523
2,"[18, 4]",4527
7,"[17, 23, 25, 13, 36, 14, 7]",4530
2,"[32, 32]",4535
1,[28],4542
1,[18],4545
3,"[23, 24, 27]",4552
3,"[34, 18, 28]",4560
2,"[32, 37]",4567
1,[18],4568
8,"[21, 2, 33, 1, 22, 2, 29, 20]",4575
2,"[30, 30]",4579
2,"[25, 16]",4586
1,[26],4590
2,"[27, 24]",4598
1,[26],4607
2,"[20, 34]",4614
1,[31],4619
2,"[26, 26]",4623
1,[21],4630
1,[16],4638
1,[22],4644
4,"[7, 30, 25, 6]",4651
4,"[26, 27, 30, 23]",4659
1,[34],4663
3,"[6, 6, 13]",4673
1,[33],4677
3,"[3, 16, 24]",4680
1,[10],4685
1,[35],4690
4,"[22, 12, 22, 15]",4698
1,[34],4704
1,[25],4709
1,[35],4716
4,"[20, 27, 27, 25]",4724
3,"[33, 9, 34]",4734
1,[9],4739
2,"[30, 28]",4746
9,"[35, 33, 34, 31, 0, 23, 25, 21, 31]",4757
5,"[30, 30, 30, 30, 30]",4768
1,[16],4777
1,[17],4788
1,[30],4799
1,[18],4809
1,[14],4818
1,[28],4827
1,[14],4832
1,[18],4840
2,"[36, 27]",4850
3,"[4, 34, 33]",4859
3,"[18, 16, 36]",4869
15,"[22, 36, 36, 23, 15, 14, 28, 31, 14, 34, 36, 18, 35, 20, 35]",4879
5,"[25, 25, 27, 25, 20]",4889
2,"[29, 1]",4895
1,[27],4906
1,[22],4915
1,[16],4923
1,[1],4928
2,"[13, 36]",4935
1,[31],4938
5,"[0, 36, 27, 32, 31]",4948
1,[15],4958
6,"[24, 17, 10, 23, 28, 23]",4963
2,"[36, 3]",4972
1,[2],4978
3,"[17, 23, 9]",4984
1,[21],4993
1,[20],5003
1,[26],5014
1,[24],5025
1,[5],5034
2,"[12, 12]",5039
1,[3],5045
1,[2],5060
1,[36],5075
3,"[7, 7, 0]",5085
1,[2],5090
1,[37],5099
2,"[1, 22]",5109
1,[3],5117
2,"[13, 15]",5124
1,[26],5131
1,[28],5138
1,[28],5142
1,[16],5152
1,[3],5161
1,[25],5164
1,[27],5171
2,"[2, 2]",5174
1,[36],5179
1,[36],5185
1,[30],5191
2,"[36, 17]",5196
3,"[2, 35, 23]",5201
1,[35],5205
1,[16],5208
2,"[11, 12]",5214
1,[32],5219
2,"[0, 0]",5224
3,"[13, 13, 13]",5228
5,"[25, 36, 20, 24, 9]",5237
2,"[19, 19]",5242
1,[1],5247
1,[17],5255
1,[29],5259
1,[31],5266
2,"[2, 20]",5270
2,"[6, 6]",5274
1,[1],5281
2,"[5, 5]",5286
1,[34],5290
1,[35],5295
1,[10],5300
1,[9],5307
5,"[25, 20, 27, 25, 25]",5312
3,"[18, 26, 10]",5316
1,[34],5320
1,[16],5324
3,"[14, 14, 14]",5330
1,[34],5334
1,[4],5344
1,[28],5353
2,"[36, 20]",5360
1,[3],5368
2,"[1, 1]",5377
1,[17],5383
8,"[34, 17, 18, 27, 17, 17, 5, 28]",5389
1,[16],5395
2,"[35, 16]",5399
1,[27],5408
2,"[33, 35]",5413
7,"[27, 28, 24, 27, 27, 18, 35]",5418
2,"[36, 18]",5424
4,"[27, 23, 4, 10]",5434
5,"[32, 33, 35, 27, 24]",5439
1,[36],5447
1,[36],5453
1,[13],5460
1,[15],5464
2,"[30, 30]",5470
1,[13],5476
1,[9],5480
2,"[27, 27]",5489
3,"[8, 8, 8]",5493
2,"[30, 2]",5497
7,"[17, 28, 25, 28, 36, 28, 28]",5505
2,"[16, 17]",5507
1,[35],5509
1,[16],5514
1,[11],5519
1,[13],5524
1,[20],5530
1,[30],5536
1,[17],5541
10,"[36, 27, 21, 33, 34, 32, 37, 22, 25, 23]",5543
4,"[25, 2, 13, 8]",5544
1,[17],5548
1,[16],5553
4,"[9, 3, 15, 17]",5561
1,[6],5565
2,"[30, 24]",5571
2,"[22, 22]",5579
1,[37],5584
1,[11],5590
1,[13],5595
4,"[7, 14, 26, 20]",5601
2,"[30, 9]",5607
1,[0],5613
1,[28],5617
1,[2],5626
5,"[21, 33, 27, 24, 30]",5630
1,[29],5636
1,[16],5643
1,[16],5650
2,"[20, 30]",5654
1,[20],5658
3,"[16, 30, 33]",5665
1,[32],5670
3,"[32, 24, 32]",5675
5,"[28, 24, 1, 30, 20]",5682
1,[27],5689
1,[3],5696
3,"[27, 26, 35]",5703
1,[18],5709
1,[30],5718
8,"[7, 32, 24, 21, 7, 13, 32, 5]",5724
2,"[13, 5]",5729
1,[13],5737
1,[27],5744
1,[32],5750
6,"[37, 17, 27, 37, 17, 29]",5755
1,[22],5763
2,"[26, 26]",5768
1,[27],5775
3,"[33, 12, 32]",5781
1,[27],5786
1,[15],5794
1,[30],5802
1,[7],5808
1,[14],5817
11,"[34, 33, 20, 2, 21, 31, 20, 31, 37, 6, 13]",5825
1,[6],5832
4,"[15, 34, 32, 35]",5842
2,"[17, 1]",5848
1,[31],5854
1,[17],5860
1,[5],5866
3,"[0, 33, 34]",5873
1,[5],5885
1,[4],5892
1,[10],5898
1,[14],5902
1,[10],5908
28,"[8, 11, 1, 6, 12, 6, 36, 30, 34, 15, 5, 34, 10, 26, 14, 2, 36, 18, 2, 16, 20, 25, 0, 18, 3, 3, 3, 17]",5918
1,[8],5926
2,"[29, 29]",5933
3,"[9, 9, 9]",5941
2,"[31, 31]",5948
1,[29],5956
1,[4],5961
2,"[27, 32]",5969
1,[33],5976
1,[17],5980
1,[26],5985
1,[14],5992
2,"[14, 14]",5999
3,"[27, 31, 28]",6007
10,"[24, 16, 5, 34, 28, 36, 28, 23, 10, 27]",6013
1,[19],6020
3,"[14, 16, 15]",6028
7,"[10, 5, 10, 9, 28, 34, 10]",6033
1,[10],6037
1,[3],6043
1,[2],6050
1,[18],6056
1,[26],6063
1,[14],6069
1,[10],6076
5,"[16, 3, 17, 36, 17]",6083
1,[12],6089
6,"[34, 34, 34, 34, 34, 34]",6097
3,"[24, 34, 35]",6106
1,[16],6114
1,[27],6121
1,[15],6128
1,[37],6133
7,"[11, 6, 11, 27, 1, 13, 3]",6141
1,[35],6145
1,[20],6152
5,"[17, 17, 17, 17, 17]",6158
3,"[10, 10, 10]",6165
1,[10],6171
3,"[11, 13, 10]",6174
5,"[4, 7, 6, 0, 5]",6179
5,"[4, 2, 15, 4, 29]",6190
1,[20],6195
1,[25],6204
1,[24],6208
1,[16],6216
2,"[35, 18]",6222
1,[18],6225
2,"[3, 3]",6230
5,"[4, 7, 9, 11, 11]",6237
1,[29],6241
1,[20],6248
1,[18],6255
1,[9],6259
4,"[0, 7, 7, 7]",6268
2,"[35, 31]",6276
1,[12],6283
1,[32],6291
1,[1],6298
4,"[6, 11, 6, 31]",6310
3,"[21, 32, 30]",6314
1,[27],6320
1,[21],6327
1,[21],6335
2,"[16, 30]",6340
5,"[11, 11, 16, 11, 4]",6346
3,"[16, 36, 3]",6353
1,[11],6357
2,"[1, 1]",6364
3,"[30, 20, 22]",6369
1,[27],6374
3,"[14, 17, 15]",6379
1,[19],6382
8,"[18, 13, 15, 15, 15, 15, 15, 6]",6386
1,[24],6391
1,[27],6408
1,[15],6414
1,[16],6419
1,[32],6424
4,"[16, 16, 16, 16]",6431
1,[5],6435
1,[6],6440
1,[19],6443
1,[20],6449
2,"[15, 26]",6458
1,[27],6463
1,[16],6471
1,[13],6475
12,"[4, 33, 34, 22, 27, 36, 28, 33, 4, 2, 30, 22]",6480
2,"[16, 3]",6486
1,[26],6491
1,[12],6497
5,"[26, 26, 10, 13, 20]",6503
1,[27],6509
1,[18],6518
2,"[15, 26]",6524
1,[11],6532
2,"[6, 1]",6540
1,[25],6547
1,[13],6555
2,"[25, 27]",6563
1,[37],6569
2,"[26, 10]",6576
9,"[21, 32, 36, 22, 1, 23, 21, 32, 16]",6584
1,[17],6592
3,"[28, 17, 13]",6599
9,"[19, 37, 31, 16, 13, 21, 13, 3, 21]",6609
1,[12],6615
15,"[24, 34, 27, 36, 32, 29, 34, 30, 31, 35, 26, 22, 2, 20, 33]",6623
1,[7],6631
3,"[30, 30, 2]",6640
2,"[27, 13]",6648
1,[8],6656
1,[2],6666
1,[29],6673
1,[17],6681
8,"[23, 36, 23, 36, 36, 23, 36, 7]",6687
1,[13],6690
5,"[2, 17, 14, 17, 15]",6695
1,[14],6700
5,"[28, 17, 28, 28, 28]",6704
1,[36],6709
3,"[34, 22, 22]",6717
1,[21],6723
5,"[17, 17, 17, 17, 17]",6732
3,"[27, 27, 27]",6737
1,[27],6742
2,"[33, 33]",6753
2,"[1, 37]",6757
1,[9],6762
3,"[10, 10, 10]",6765
1,[31],6768
1,[14],6777
1,[3],6782
1,[13],6786
2,"[18, 18]",6793
2,"[31, 31]",6800
1,[16],6808
3,"[37, 16, 27]",6815
1,[27],6826
1,[20],6834
1,[3],6846
2,"[3, 2]",6852
3,"[10, 10, 10]",6862
1,[2],6866
1,[36],6870
1,[27],6881
1,[2],6887
1,[21],6892
1,[23],6897
2,"[27, 8]",6903
1,[4],6910
3,"[32, 34, 7]",6914
1,[33],6919
1,[5],6927
2,"[12, 22]",6932
5,"[34, 34, 34, 34, 34]",6936
1,[34],6941
14,"[20, 31, 33, 17, 35, 17, 29, 1, 35, 31, 27, 21, 3, 23]",6955
1,[27],6962
29,"[31, 15, 24, 35, 13, 1, 13, 25, 17, 29, 4, 6, 17, 27, 14, 2, 16, 23, 35, 33, 3, 21, 27, 36, 33, 34, 34, 21, 20]",6966
1,[24],6971
4,"[27, 17, 20, 27]",6973
1,[27],6978
4,"[36, 36, 36, 36]",6983
2,"[27, 27]",6989
2,"[33, 33]",6993
2,"[33, 9]",6997
1,[33],7002
2,"[1, 22]",7012
11,"[17, 24, 5, 23, 9, 9, 34, 23, 14, 10, 28]",7017
1,[25],7023
1,[20],7028
1,[6],7035
10,"[28, 24, 24, 24, 23, 28, 24, 5, 28, 28]",7041
3,"[6, 6, 3]",7050
4,"[16, 18, 27, 33]",7054
1,[24],7061
1,[17],7071
1,[20],7074
37,"[1, 13, 16, 1, 13, 3, 18, 3, 34, 13, 18, 6, 21, 3, 7, 34, 26, 26, 9, 16, 32, 16, 16, 5, 15, 16, 1, 4, 30, 17, 29, 36, 31, 30, 2, 31, 24]",7080
1,[8],7086
5,"[6, 3, 5, 2, 4]",7098
2,"[30, 26]",7112
2,"[5, 5]",7121
1,[6],7125
4,"[11, 10, 7, 13]",7129
1,[2],7131
5,"[14, 37, 28, 16, 17]",7135
1,[29],7140
90,"[1, 37, 2, 36, 26, 25, 21, 26, 29, 29, 29, 29, 16, 27, 16, 22, 17, 16, 16, 16, 27, 27, 30, 15, 30, 25, 30, 30, 17, 28, 21, 21, 21, 27, 27, 20, 27, 20, 29, 19, 19, 18, 22, 28, 28, 18, 28, 27, 19, 27, 23, 23, 14, 34, 35, 26, 35, 6, 35, 35, 35, 35, 5, 36, 24, 36, 26, 25, 3, 34, 9, 26, 31, 31, 32, 32, 13, 23, 12, 9, 32, 31, 11, 33, 33, 14, 14, 33, 34, 12]",7145
1,[22],7149
1,[36],7154
3,"[3, 0, 6]",7162
1,[22],7165
1,[10],7171
1,[17],7181
